dpi, nombres, apellidos, fec_nacimiento, direccion, telefono, email, genero, peso_libras, estado, id_tipo_persona
3669658330202,Tiffani,Hefferan,1978-10-28,2 Hansons Junction,67299255,thefferan0@dailymail.co.uk,F,171,0,1
4119002041212,Field,Rubica,1978-08-31,5051 Veith Junction,79796166,frubica5@scribd.com,M,198,0,1
4355116870223,Even,Gladdor,1998-11-23,3 Manufacturers Trail,99911264,egladdorr@berkeley.edu,M,206,1,1
4455579690210,Edee,Isac,1984-06-13,4 Burning Wood Way,79126929,eisac28@diigo.com,F,162,1,1
5377856371120,Aurelie,Ord,1977-02-01,1 Golf View Circle,74099450,aord1n@skyrock.com,F,156,1,1
6052751122013,Tanney,Bickerstaffe,1991-09-27,287 Cascade Lane,69321748,tbickerstaffe3@ning.com,M,172,1,2
6071475412222,Rhoda,Isham,1993-04-14,037 Hanover Pass,78518599,risham1b@slate.com,F,142,0,1
6214670632223,Rozanna,Jeays,1991-12-09,111 Manitowish Avenue,59012982,rjeays23@theatlantic.com,F,148,0,1
6295733661223,Royall,Ray,1981-11-05,127 Cardinal Center,98458911,rray1q@nyu.edu,M,205,1,1
6415180661111,Martita,Rosenboim,1976-03-16,913 Magdeline Street,99076163,mrosenboiml@nydailynews.com,F,173,0,1
6524775062220,Benedetto,Drance,2000-03-18,44 Surrey Terrace,79985686,bdrance24@example.com,M,142,1,1
6786142092223,Shannon,Challes,1978-03-11,99 Dakota Avenue,99193672,schallesd@addtoany.com,F,180,1,1
6971989940103,Olly,Dearing,1979-08-26,2 Hoard Plaza,87718338,odearing4@miibeian.gov.cn,F,129,1,1
7058871452211,Kyle,Chooter,1991-02-28,0 Waxwing Crossing,99740179,kchooter1l@hugedomains.com,M,206,1,1
7077125932123,Bengt,Andreotti,1982-04-18,125 Farmco Street,99985931,bandreottih@pinterest.com,M,190,0,1
7266934750223,Kath,Sawl,1990-03-29,82 Monica Street,88411174,ksawl7@sun.com,F,107,1,1
7284235770021,Deana,Frankel,1994-04-11,92926 Burrows Point,79040794,dfrankel14@bizjournals.com,F,140,1,1
7334292970203,Vere,Slaughter,1980-05-14,87 Birchwood Crossing,99955841,vslaughter9@cyberchimps.com,F,168,1,2
7382755712103,Carolan,Pinchin,2000-04-18,86603 Moose Trail,99815909,cpinchin1s@kickstarter.com,F,134,0,1
7465066732023,Vita,Yurkiewicz,1996-10-28,77304 Miller Plaza,87088827,vyurkiewiczt@clickbank.net,F,197,1,1
7484662472223,Desi,Spiaggia,2001-02-21,6 Dapin Terrace,99510171,dspiaggia20@toplist.cz,M,195,1,1
7501617290123,Alfi,Tipling,1992-10-04,0811 Karstens Park,94974128,atipling0@google.es,F,120,1,2
7703126270223,Pincus,Sked,1975-07-16,3 High Crossing Plaza,98183280,psked1f@list-manage.com,M,117,0,1
7726291570211,Dede,Cortin,1981-08-19,972 Sherman Circle,97157228,dcortin2a@google.co.uk,F,138,1,1
7780358472123,Myrtie,Jacquemard,1992-01-28,67 Scott Drive,89426509,mjacquemard27@japanpost.jp,F,186,0,1
7830588762103,Gretchen,Cannon,1997-06-17,9 Erie Alley,99906676,gcannon1i@sciencedaily.com,F,190,1,1
7939775692123,Arman,Canon,1998-03-24,04718 Paget Terrace,97355317,acanonz@senate.gov,M,132,0,1
8115482820110,Earl,Barkas,1986-11-19,517 Cascade Park,99312554,ebarkasa@parallels.com,M,154,0,1
8153268261223,Sigismundo,Mathews,1987-06-30,43 Muir Hill,88312248,smathews29@cnbc.com,M,130,1,1
8160967652200,Parrnell,Sofe,1999-01-16,4435 Southridge Alley,98394412,psofe2g@hhs.gov,M,159,1,1
8221086931023,Bron,Proudlove,1993-07-12,6 Kedzie Drive,96750506,bproudlovec@businesswire.com,M,138,0,1
8224787862202,Rubie,MacBarron,1994-05-26,046 Declaration Way,89017558,rmacbarron1w@state.gov,F,157,0,1
8226304770221,Perceval,Stihl,1999-03-30,84 Roth Terrace,95293429,pstihlg@biglobe.ne.jp,M,197,1,1
8262908402203,Mycah,Carmont,1987-12-21,55 Bultman Court,99324251,mcarmonta@ebay.com,M,177,1,2
8321640930212,Sofia,Singyard,1987-10-06,9966 5th Parkway,99140014,ssingyard1u@sciencedaily.com,F,168,1,1
8452434922102,Dela,Doone,1993-11-24,079 Duke Park,98465021,ddoone1@usnews.com,F,124,1,1
8485706560202,Colas,Quickenden,1993-01-10,5 Meadow Ridge Street,98480483,cquickenden7@addthis.com,M,155,1,2
8542089321103,Susanne,Fitzer,1986-11-27,4 Ridgeview Court,88192597,sfitzerb@facebook.com,F,125,1,2
8547597012222,Olimpia,Gurry,1999-07-09,863 Laurel Drive,96060107,ogurry1r@ca.gov,F,102,0,1
8572583082111,Bobette,Doni,1979-10-22,07725 Esch Pass,79901067,bdoni2f@blogtalkradio.com,F,177,1,1
8626524740213,Niki,Mearns,1976-10-15,53 Pine View Center,89163219,nmearnsi@youku.com,M,170,1,1
8661815922221,Louisette,Aldin,2000-04-27,99730 3rd Alley,88619254,laldino@cocolog-nifty.com,F,145,1,1
8692167711123,Richardo,Batthew,1976-08-20,80 Clove Drive,99774568,rbatthewu@skyrock.com,M,165,0,1
8750319912203,Jessey,Hodjetts,1978-07-11,95 Killdeer Crossing,97027125,jhodjetts1v@accuweather.com,M,100,1,1
8767631282023,Karlik,Cooksley,1991-07-30,9628 Packers Plaza,99261954,kcooksleyd@goodreads.com,M,172,1,2
8791060622122,Emilio,Rapley,1983-11-30,5257 Stuart Plaza,86384719,erapleyb@tumblr.com,M,108,1,1
8796485272222,Lorrie,Fairhead,1989-11-07,99 Anthes Crossing,88331703,lfairhead2@jugem.jp,F,115,1,2
8799567542013,Brant,Doogue,1977-08-17,78351 Sugar Street,99801477,bdoogue25@stanford.edu,M,193,1,1
8861127572223,Keely,Imlacke,1999-06-01,9 Namekagon Park,89629983,kimlacke1h@live.com,F,124,0,1
8893306841203,Constantino,Brehaut,1988-08-21,301 Ryan Pass,79114734,cbrehaut1d@hostgator.com,M,187,1,1
8897236322120,Jacquenetta,Boocock,1979-11-21,801 Grover Crossing,63264949,jboocock1c@netscape.com,F,166,1,1
8916991870200,Ailey,Foley,1995-05-01,27804 Sheridan Hill,84828792,afoley2d@scribd.com,F,172,1,1
9032290801220,Janeta,Rao,1997-02-17,0 Vidon Plaza,99673848,jrao2e@google.co.uk,F,200,1,1
9044711110212,Zed,Flack,1982-01-07,8 Green Junction,87150706,zflack3@csmonitor.com,M,146,1,1
9055965592213,Randell,Cheasman,1998-12-24,390 Anniversary Avenue,88312618,rcheasman6@last.fm,M,120,1,1
9073728351010,Aubrey,Andrewartha,1983-03-25,5095 Tomscot Way,59926634,aandrewartha1m@cyberchimps.com,F,189,0,1
9078790492203,Glori,Salway,1990-12-10,5 Crownhardt Point,79939794,gsalwayp@discuz.net,F,187,0,1
9088943782010,Sibyl,Hensmans,1994-01-25,2983 Golf Point,76786942,shensmans1j@soundcloud.com,F,128,1,1
9092554091013,Chadd,Theaker,1993-03-30,764 Hooker Plaza,87183996,ctheaker26@g.co,M,150,1,1
9130823081102,Fraze,Naptine,1996-07-16,32 Gerald Street,98854624,fnaptine1k@miibeian.gov.cn,M,107,1,1
9132262182123,Calla,Caller,1976-10-01,3 Fremont Circle,69804419,ccaller8@sun.com,F,126,1,1
9139446712212,Dacia,Sharkey,1987-05-08,81079 Independence Trail,99579506,dsharkey1g@reddit.com,F,119,0,1
9186864262203,Munmro,Weippert,1981-05-29,0773 Golf View Park,69612994,mweippert1a@yolasite.com,M,152,0,1
9199118462023,Hoebart,McCook,1986-11-04,44 Katie Junction,89873418,hmccooke@hc360.com,M,101,0,1
9222499962121,Berti,Denne,2000-06-02,8247 Lotheville Court,99127919,bdenne17@4shared.com,M,143,0,1
9224684082212,Libbey,MacIver,1984-04-20,92 Blue Bill Park Street,85894842,lmaciver2j@sciencedirect.com,F,128,1,1
9227586672023,Joseph,Guirardin,1989-05-05,72735 Oak Drive,59433211,jguirardins@theguardian.com,M,176,0,1
9259920190223,Ulrick,Perett,2000-01-17,28124 Little Fleur Plaza,97054088,uperett2c@auda.org.au,M,107,0,1
9312802320222,Elnar,Colebourn,1984-05-07,95027 Dottie Junction,88886345,ecolebourn1o@webs.com,M,164,1,1
9318279430100,Hyacinthia,Skahill,1985-05-03,8 Straubel Center,79858291,hskahill22@quantcast.com,F,177,0,1
9337806330213,Kurtis,Newlin,1991-02-08,319 Dorton Avenue,89744692,knewlinm@booking.com,M,163,0,1
9438298670223,Monte,Boumphrey,1996-02-21,60 Boyd Court,56493185,mboumphrey13@blogs.com,M,151,0,1
9457378362113,Rowan,Capaldo,1992-07-11,651 Grayhawk Crossing,99350405,rcapaldoc@xing.com,M,165,1,2
9467022142001,Manfred,Grob,1999-09-28,16 American Way,99626684,mgrob11@smugmug.com,M,194,1,1
9526938480113,Nolie,Adolfson,1997-07-20,35 Marcy Parkway,98508423,nadolfson9@meetup.com,F,203,0,1
9541115331200,Lacey,Brockington,1998-06-07,53 Esch Point,99249479,lbrockingtony@ebay.co.uk,F,158,0,1
9544181592123,Costanza,Emmerson,2001-09-23,867 Hagan Pass,79023148,cemmersonn@unc.edu,F,125,1,1
9556965740012,Waylin,Flewan,1999-03-09,0 Melby Circle,89374123,wflewan21@phoca.cz,M,145,1,1
9557517452223,Dina,Garnall,1984-07-09,21 Sunnyside Place,89161109,dgarnall1z@mit.edu,F,139,1,1
9559622090223,Graham,Gawthrop,1988-07-24,37 Dayton Terrace,99905885,ggawthrop10@accuweather.com,M,180,1,1
9563520020122,Melessa,McEntegart,1979-06-11,37198 Wayridge Alley,78999240,mmcentegartx@omniture.com,F,101,1,1
9570004530123,Merrick,Jimeno,1979-12-16,1 Toban Crossing,96512296,mjimeno2@soup.io,M,143,0,1
9603305861113,Ashil,MacCarlich,1995-11-29,04 John Wall Way,59805914,amaccarlich12@unc.edu,F,114,1,1
9618322402123,Cathie,Flipek,1988-04-18,11 Waubesa Drive,98376941,cflipek15@w3.org,F,147,1,1
9628641572023,Delora,McNirlin,1980-08-27,54207 Beilfuss Pass,99057498,dmcnirlin2i@homestead.com,F,195,1,1
9646407860213,Maryann,Cochern,1988-09-10,82292 Grim Park,77614207,mcochernk@prweb.com,F,191,0,1
9651682770022,Mort,Linck,1989-06-10,8 Prentice Pass,49737970,mlinckv@timesonline.co.uk,M,198,1,1
9676860882000,Leena,McNeish,1985-01-16,05186 Melrose Crossing,79422386,lmcneishw@icq.com,F,207,0,1
9679915730001,Robbert,Baudino,1985-07-26,68 Troy Crossing,96030710,rbaudino1x@creativecommons.org,M,203,1,1
9688940852111,Lenard,MacCafferty,1981-06-09,65407 Alpine Street,89545472,lmaccafferty18@forbes.com,M,208,1,1
9723743210023,Kore,Netti,1977-08-21,401 Northview Alley,88426246,knetti19@blog.com,F,149,1,1
9751925631020,Arnie,Strutz,1985-10-27,31 Butternut Terrace,89883846,astrutzq@vk.com,M,117,0,1
9779331030221,Agnese,Brownsea,1980-07-15,8 Westridge Plaza,78147369,abrownsea1e@icq.com,F,143,1,1
9795034562013,Octavia,Landrean,1991-07-11,8 Brickson Park Plaza,98768646,olandrean2b@mapy.cz,F,183,1,1
9806091372223,Victoir,McDermott,1987-06-12,61415 Birchwood Park,98775408,vmcdermottj@networksolutions.com,M,111,1,1
9830241210222,Alvis,Fairburne,1984-10-20,235 Valley Edge Plaza,96222759,afairburne1@reference.com,M,170,1,2
9869524461202,Octavius,Papen,1983-07-25,0 Thackeray Avenue,99214673,opapen16@sogou.com,M,103,1,1
9920562272200,Flss,Raynard,1979-03-11,32 Dovetail Parkway,99710270,fraynard1p@nationalgeographic.com,F,150,0,1
9922839831010,Regine,Halversen,1991-01-29,93 Kensington Way,98717958,rhalversen1t@tmall.com,F,160,1,1
9923343152003,Rabi,Cully,1985-08-16,9 Bowman Pass,99570677,rcully2h@icq.com,M,199,0,1
9956216282222,Sigrid,Porrett,1986-11-29,4 Memorial Way,98095563,sporrettf@google.cn,F,130,0,1
9965958531122,Valle,Tall,1996-08-13,3 Jenifer Point,86395485,vtall1y@accuweather.com,M,188,0,1
